[ec2-user@ip-10-1-10-109 ~]$ mysql -h udacity.cljuji0nea4q.us-east-1.rds.amazonaws.com -u  admin -p
Enter password:
Welcome to the MariaDB monitor.  Commands end with ; or \g.
Your MySQL connection id is 25
Server version: 8.0.20 Source distribution

Copyright (c) 2000, 2018, Oracle, MariaDB Corporation Ab and others.

Type 'help;' or '\h' for help. Type '\c' to clear the current input statement.

MySQL [(none)]> used udacity
    -> ;
ERROR 1064 (42000): You have an error in your SQL syntax; check the manual that corresponds to your MySQL server version for the right syntax to use near 'used udacity' at line 1
MySQL [(none)]> use udacity
ERROR 1049 (42000): Unknown database 'udacity'
MySQL [(none)]> use udacity
ERROR 1049 (42000): Unknown database 'udacity'
MySQL [(none)]> show database
    -> ;
ERROR 1064 (42000): You have an error in your SQL syntax; check the manual that corresponds to your MySQL server version for the right syntax to use near 'database' at line 1
MySQL [(none)]> SHOW DATABASES
    -> ;
+--------------------+
| Database           |
+--------------------+
| information_schema |
| mysql              |
| performance_schema |
+--------------------+
3 rows in set (0.00 sec)

MySQL [(none)]> CREATE DATABSE udacity
    -> ;
ERROR 1064 (42000): You have an error in your SQL syntax; check the manual that corresponds to your MySQL server version for the right syntax to use near 'DATABSE udacity' at line 1
MySQL [(none)]> CREATE DATABASE udacity
    -> ;
Query OK, 1 row affected (0.01 sec)

MySQL [(none)]> use database udacity
ERROR 1049 (42000): Unknown database 'database'
MySQL [(none)]> SHOW DATABASES
    -> ;
+--------------------+
| Database           |
+--------------------+
| information_schema |
| mysql              |
| performance_schema |
| udacity            |
+--------------------+
4 rows in set (0.00 sec)

MySQL [(none)]> use udacity;
Database changed
MySQL [udacity]> CREATE TABLE student (
    ->     studentID int,
    ->     lastname nvarchar(255),
    ->     firstname nvarchar(255),
    ->     address nvarchar(255),
    ->     city nvarchar(255)
    -> );
Query OK, 0 rows affected, 4 warnings (0.02 sec)

MySQL [udacity]> show tables
    -> ;
+-------------------+
| Tables_in_udacity |
+-------------------+
| student           |
+-------------------+
1 row in set (0.00 sec)

MySQL [udacity]> select * from student
    -> ;
Empty set (0.01 sec)

MySQL [udacity]> INSERT INTO student (studentID, lastname, firstname, address, city)
    -> VALUES (1, 'Campusano Rojas', 'Joel Andres', 'Chile', Coquimbo);
ERROR 1054 (42S22): Unknown column 'Coquimbo' in 'field list'
MySQL [udacity]> INSERT INTO student (studentID, lastname, firstname, address, city) VALUES (1, 'Campusano Rojas', 'Joel Andres', 'Chile', 'Coquimbo');
Query OK, 1 row affected (0.00 sec)

MySQL [udacity]> SELECT * FROM student
    -> ;
+-----------+-----------------+-------------+---------+----------+
| studentID | lastname        | firstname   | address | city     |
+-----------+-----------------+-------------+---------+----------+
|         1 | Campusano Rojas | Joel Andres | Chile   | Coquimbo |
+-----------+-----------------+-------------+---------+----------+
1 row in set (0.00 sec)

MySQL [udacity]>
